[
 	{  "locations_code" : "11000",  "gou_ban" : "0001",  "towns_name_c" : "ﾒｸﾞﾛｸﾅｶﾒｸﾞﾛ                         ",  "towns_name_j" : "目黒区中目黒　　　　　　　　　　　　",  "created_at" : "2001-01-01 00:00:00",  "updated_at" : "",  },
	{  "locations_code" : "11001",  "gou_ban" : "0002",  "towns_name_c" : "ﾒｸﾞﾛｸｼﾓﾒｸﾞﾛ                         ",  "towns_name_j" : "目黒区下目黒　　　　　　　　　　　　",  "created_at" : "2002-02-02 00:00:00",  "updated_at" : "",  },
	{  "locations_code" : "11002",  "gou_ban" : "0003",  "towns_name_c" : "ﾒｸﾞﾛｸｶﾐﾒｸﾞﾛ                         ",  "towns_name_j" : "目黒区上目黒　　　　　　　　　　　　",  "created_at" : "2003-03-03 00:00:00",  "updated_at" : "",  }
]
